Title,Due Date,OnsiteDate,Site Lat,Site Lon,Rep Initials
6007373735-1,9/1/2026,7/30/2026,38.43472,-82.31442,CHA
6007373738-3,4/24/2026,8/27/2026,38.43472,-82.31442,CHA
6007373738-2,4/24/2026,8/26/2026,38.43472,-82.31442,CHA
6007373738-1,4/24/2026,8/25/2026,38.43472,-82.31442,CHA
6007948556-1,5/31/2026,5/27/2026,26.08817,-80.18178,JD
6008054045-5,5/9/2026,5/8/2026,36.07175,-79.96486,TT
6008054046-5,5/9/2026,5/5/2026,36.07175,-79.96486,TT
6008054048-5,5/9/2026,5/6/2026,36.07175,-79.96486,TT
6008072603-2,6/30/2026,6/1/2026,26.18599,-80.17272,JD
6008072603-1,6/30/2026,6/2/2026,26.18599,-80.17272,JD
6008092013-1,7/31/2026,7/13/2026,25.78725,-80.2053,JD
6008113353-1,6/30/2026,6/3/2026,35.96129,-78.80523,DC
6008125982-5,9/30/2026,6/29/2026,34.22292,-83.3938,PE
6008125982-3,9/30/2026,6/29/2026,34.22292,-83.3938,PE
6008125982-1,9/30/2026,6/29/2026,34.22292,-83.3938,PE
